file_name,time_stamp,input_size,execution_time
x01.png,1555559262.4011211,71329,4.961883783340454
x02.png,1555559267.3633902,76633,6.1125383377075195
x03.png,1555559273.4762702,78053,7.313702344894409
