file_name,time_stamp,input_size,execution_time
01.png,1555555813.6625159,65342,1.788102626800537
02.png,1555555815.4509268,71329,5.0178632736206055
03.png,1555555820.4692178,76633,6.1140711307525635
